{"cameraMode":{"drawMode":0,"name":"Shaded","section":"Shading Mode"},"sceneLighting":true,"audioPlay":false,"sceneViewState":{"showFog":true,"showMaterialUpdate":false,"showSkybox":true,"showFlares":true,"showImageEffects":true,"showParticleSystems":true,"showVisualEffectGraphs":true,"m_FxEnabled":true},"in2DMode":false,"pivot":{"x":-2.9491147994995119,"y":-60.85447311401367,"z":206.21023559570313},"rotation":{"x":-0.1423223912715912,"y":0.0065304129384458069,"z":-0.0009387831087224186,"w":-0.9898027181625366},"size":144.27310180664063,"orthographic":false}