{"cameraMode":{"drawMode":0,"name":"Shaded","section":"Shading Mode"},"sceneLighting":true,"audioPlay":false,"sceneViewState":{"m_AlwaysRefresh":false,"showFog":true,"showSkybox":true,"showFlares":true,"showImageEffects":true,"showParticleSystems":true,"showVisualEffectGraphs":true,"m_FxEnabled":true},"in2DMode":false,"pivot":{"x":8.747713088989258,"y":0.6747945547103882,"z":41.840885162353519},"rotation":{"x":0.00010159881639992818,"y":0.9997707009315491,"z":-0.0048084198497235779,"w":0.021299906075000764},"size":38.33922576904297,"orthographic":false}