{"cameraMode":{"drawMode":0,"name":"Shaded","section":"Shading Mode"},"sceneLighting":false,"audioPlay":false,"sceneViewState":{"showFog":true,"showMaterialUpdate":false,"showSkybox":false,"showFlares":true,"showImageEffects":true,"showParticleSystems":true,"showVisualEffectGraphs":true,"m_FxEnabled":true},"in2DMode":false,"pivot":{"x":0.08051413297653198,"y":0.6580986976623535,"z":0.03925740718841553},"rotation":{"x":0.006062963046133518,"y":0.9938263893127441,"z":-0.08548948913812638,"w":0.07048231363296509},"size":1.6215519905090333,"orthographic":false}